{
    "Key Generation": {
        "mean": 2.6136770691002975,
        "median": 2.608250011689961,
        "std_dev": 0.04096378200263532,
        "min": 2.5478750467300415,
        "max": 2.7135000564157963,
        "timings": [
            2.678083023056388,
            2.6102919364348054,
            2.584249945357442,
            2.6286249049007893,
            2.5982920778915286,
            2.620917046442628,
            2.5482079945504665,
            2.5732500944286585,
            2.641957951709628,
            2.591000054962933,
            2.6037910720333457,
            2.5839590234681964,
            2.5522499345242977,
            2.6984589640051126,
            2.6189580094069242,
            2.549665980041027,
            2.5646249996498227,
            2.705209073610604,
            2.597083104774356,
            2.5669169845059514,
            2.572624944150448,
            2.577458042651415,
            2.565750037319958,
            2.5953330332413316,
            2.590833930298686,
            2.6062080869451165,
            2.6215830584988,
            2.589791896753013,
            2.6149170007556677,
            2.571541932411492,
            2.6321669574826956,
            2.5773750385269523,
            2.616374986246228,
            2.5864579947665334,
            2.561416942626238,
            2.584374975413084,
            2.565750037319958,
            2.608250011689961,
            2.591041033156216,
            2.590875024907291,
            2.6232909876853228,
            2.6504580164328218,
            2.5876250583678484,
            2.630666014738381,
            2.5637500220909715,
            2.571541932411492,
            2.6878330390900373,
            2.5532919680699706,
            2.68454197794199,
            2.60583299677819,
            2.6972079649567604,
            2.6330420514568686,
            2.6384579250589013,
            2.647459041327238,
            2.617457997985184,
            2.661834005266428,
            2.6423330418765545,
            2.6244999608024955,
            2.7049160562455654,
            2.6461250381544232,
            2.6865829713642597,
            2.6277080178260803,
            2.6038329815492034,
            2.6525830617174506,
            2.6377920294180512,
            2.63241701759398,
            2.604541019536555,
            2.7135000564157963,
            2.583207911811769,
            2.6377090252935886,
            2.607166999951005,
            2.5866669602692127,
            2.595875062979758,
            2.610415918752551,
            2.5977500481531024,
            2.625458058901131,
            2.617749967612326,
            2.6130418991670012,
            2.5478750467300415,
            2.7124169282615185,
            2.6374589651823044,
            2.6774589205160737,
            2.6169579941779375,
            2.6028749998658895,
            2.567457966506481,
            2.608250011689961,
            2.562624984420836,
            2.6281250175088644
        ]
    },
    "Signing": {
        "mean": 9.552615072132777,
        "median": 9.561625018250197,
        "std_dev": 0.10612220397898992,
        "min": 9.359458927065134,
        "max": 9.819415980018675,
        "timings": [
            9.430458885617554,
            9.419874986633658,
            9.526457986794412,
            9.562124963849783,
            9.606749983504415,
            9.673416032455862,
            9.575917036272585,
            9.494125028140843,
            9.500457905232906,
            9.565124986693263,
            9.590334026142955,
            9.490250027738512,
            9.583999984897673,
            9.619917022064328,
            9.561125072650611,
            9.553542011417449,
            9.359458927065134,
            9.410000056959689,
            9.475875063799322,
            9.436917025595903,
            9.391916915774345,
            9.709249949082732,
            9.568999987095594,
            9.661292075179517,
            9.5469169318676,
            9.578416007570922,
            9.620124939829111,
            9.45545791182667,
            9.456333937123418,
            9.819415980018675,
            9.606083040125668,
            9.413749910891056,
            9.413499967195094,
            9.64112498331815,
            9.4168750802055,
            9.589750086888671,
            9.626624989323318,
            9.813541080802679,
            9.607458021491766,
            9.559000027365983,
            9.589666035026312,
            9.58341604564339,
            9.442124981433153,
            9.42466699052602,
            9.463416994549334,
            9.686832898296416,
            9.612500085495412,
            9.568000095896423,
            9.592916932888329,
            9.608332999050617,
            9.54820797778666,
            9.453000035136938,
            9.392249980010092,
            9.4652499537915,
            9.580167010426521,
            9.809875045903027,
            9.589999914169312,
            9.47575003374368,
            9.53758298419416,
            9.466625051572919,
            9.744124952703714,
            9.64283396024257,
            9.759125066921115,
            9.644416975788772,
            9.464291972108185,
            9.36041702516377,
            9.536625002510846,
            9.497250081039965,
            9.471833007410169,
            9.674999979324639,
            9.776124963536859,
            9.754583006724715,
            9.54070792067796,
            9.389624930918217,
            9.487624978646636,
            9.57791693508625,
            9.572875103913248,
            9.451041929423809,
            9.485792019404471,
            9.618624928407371,
            9.597292053513229,
            9.454292012378573,
            9.567667031660676,
            9.418667061254382,
            9.574583964422345,
            9.578333934769034,
            9.766291012056172,
            9.503375040367246,
            9.550750022754073,
            9.45270899683237,
            9.56412497907877,
            9.539124905131757
        ]
    },
    "Verification": {
        "mean": 3.7126364578416915,
        "median": 3.7627284764312208,
        "std_dev": 0.16390852317933022,
        "min": 3.3687909599393606,
        "max": 3.9730420103296638,