{
    "Key Generation": {
        "mean": 7.44231390920256,
        "median": 7.436020998284221,
        "std_dev": 0.2337484723929004,
        "min": 6.964916014112532,
        "max": 8.09866702184081,
        "timings": [
            7.722000009380281,
            7.776999962516129,
            8.086625020951033,
            7.722665905021131,
            7.209750008769333,
            7.068875012919307,
            7.144290953874588,
            7.193875033408403,
            7.206375012174249,
            7.234791060909629,
            7.225040928460658,
            7.539291982538998,
            7.272541988641024,
            7.227082969620824,
            7.076667039655149,
            7.478207931853831,
            7.334457943215966,
            7.086541969329119,
            7.6385000720620155,
            7.235666969791055,
            7.183500099927187,
            7.4815829284489155,
            7.412040955387056,
            7.301625097170472,
            7.120624999515712,
            6.964916014112532,
            7.191708078607917,
            7.232250063680112,
            7.443625014275312,
            7.375417044386268,
            7.358500035479665,
            7.4440420139580965,
            7.176749990321696,
            7.313917041756213,
            7.18999991659075,
            7.1815840201452374,
            7.143041933886707,
            7.322250050492585,
            8.09866702184081,
            7.625250029377639,
            7.276124903000891,
            7.251332979649305,
            7.400749949738383,
            7.543291081674397,
            7.428416982293129,
            7.515457924455404,
            7.572000031359494,
            7.255292031913996,
            7.177791907452047,
            7.1273340145125985,
            7.247208035551012,
            7.426874944940209,
            7.635249989107251,
            7.506415946409106,
            7.566957967355847,
            7.425458985380828,
            7.5402919901534915,
            7.780332933180034,
            7.353291963227093,
            7.721625035628676,
            7.676542038097978,
            7.638291921466589,
            7.551208953373134,
            7.498959079384804,
            7.5171670177951455,
            8.041084045544267,
            7.9649160616099834,
            7.610665983520448,
            7.396165980026126,
            7.368541089817882,
            7.656500092707574,
            7.524374988861382,
            7.451624958775938,
            7.400625036098063,
            7.5150830671191216,
            7.515708915889263,
            7.50070798676461,
            7.674667052924633,
            7.292416994459927,
            7.422041962854564,
            7.650375016964972,
            7.826208020560443,
            7.743750000372529,
            7.577375043183565,
            7.481541950255632,
            7.568708038888872,
            7.554917014203966,
            7.51041597686708
        ]
    },
    "Signing": {
        "mean": 50.39363726850991,
        "median": 40.5144999967888,
        "std_dev": 30.494781070852614,
        "min": 17.217125045135617,
        "max": 134.3776669818908,
        "timings": [
            50.2575000282377,
            84.9712499184534,
            17.551500000990927,
            24.055750109255314,
            114.49029203504324,
            28.21008302271366,
            22.677249973639846,
            17.217125045135617,
            28.20850000716746,
            91.86562499962747,
            93.38841598946601,
            134.3776669818908,
            24.586915969848633,
            29.287958052009344,
            80.59483300894499,
            57.13308393023908,
            25.442874990403652,
            18.00975005608052,
            43.56562497559935,
            69.78516699746251,
            69.19629103504121,
            17.512374906800687,
            29.993667034432292,
            70.38716599345207,
            24.55125004053116,
            18.48508301191032,
            23.904958041384816,
            30.528708011843264,
            23.919333005324006,
            36.38408298138529,
            24.40466603729874,
            66.02337502408773,
            65.65354205667973,
            71.64391700644046,
            36.211041966453195,
            119.80991601012647,
            17.376541974954307,
            76.95741602219641,
            29.902457958087325,
            30.271625029854476,
            65.34837500657886,
            36.23608301859349,
            18.548583961091936,
            18.142416956834495,
            47.44212492369115,
            81.57612499780953,
            89.13000009488314,
            23.504292010329664,
            41.38912505004555,
            41.021708981134,
            52.25900001823902,
            85.0550839677453,
            54.462416912429035,
            19.025583984330297,
            82.92087505105883,
            75.85645793005824,
            28.26529194135219,
            17.28579110931605,
            52.72991699166596,
            82.33012503478676,
            29.224625090137124,
            17.337708035483956,
            44.866916025057435,
            59.274917002767324,
            115.222749998793,
            64.05737495515496,
            130.9854999417439,
            34.50816706754267,
            89.80175002943724,
            17.40741590037942,
            84.21070803888142,
            84.99745896551758,
            29.184791957959533,
            73.5314580379054,
            22.774540935643017,
            17.980415956117213,
            29.71504209563136,
            107.45074995793402,
            17.471041996032,
            66.43412506673485,
            28.88191700913012,
            40.5144999967888,
            22.855250048451126,
            17.364125000312924,
            40.82658397965133,
            97.58716693613678,
            46.359249972738326,
            27.7407499961555,
            27.844667085446417,
            86.07029204722494,
            97.39483299199492,
            28.995500062592328,
            34.35529104899615,
            67.5838750321418,
            35.26012506335974
        ]
    },
    "Verification": {
        "mean": 6.946789777848399,
        "median": 6.9292919943109155,
        "std_dev": 0.09422778224586945,
        "min": 6.737541989423335,
        "max": 7.239457918331027,